Total Tasks,Execution Time (s)
2,0.138549
4,0.102873
6,0.079337
8,0.064617
10,0.067875
12,0.064899
14,0.059992
16,0.043695
18,0.034188
20,0.034098
22,0.033976
24,0.027359
26,0.048797
28,0.054283
30,0.053122
32,0.058223
34,0.058637
36,0.068813
38,0.075174
40,0.058090
42,0.055916
44,0.066152
46,0.056945
48,0.051171
50,0.056338
52,0.054509
54,0.063916
56,0.074911
58,0.075085
60,0.052005
62,0.027782
64,0.024365
66,0.029839
68,0.023477
70,0.026608
72,0.020540
74,0.022261
