OMP_NUM_THREADS,Execution_Time
1,0.285339
2,0.275724
3,0.277438
4,
5,
6,
7,
8,0.294898
9,0.300758
10,0.267824
11,0.258057
12,0.271098
13,
14,
15,
16,
17,
18,
19,
20,
21,
22,
23,
24,
