OMP_NUM_THREADS,Execution_Time
1,0.263116
2,0.265183
3,
4,0.266116
5,
6,0.281891
7,0.265844
8,
9,0.258690
10,
11,0.267006
12,
13,0.266037
14,0.265989
15,
16,0.256472
17,
18,0.256230
19,0.243731
20,0.245636
21,0.243749
22,0.245367
23,0.245377
24,0.245427
